run,answer,correct
1,9.9,1
2,10,0
3,9.9,1
4,9.9,1
5,9.9,1
6,10,0
7,9.9,1
8,10,0
9,10,0
10,9.9,1
11,9.9,1
12,10,0
13,9.11,0
14,9.11,0
15,9.9,1
16,10,0
17,9.99,0
18,9.9,1
19,9.9,1
20,9.9,1
21,10,0
22,9.11,0
23,9.9,1
24,10,0
25,10,0
26,9.11,0
27,9.9,1
28,9.99,0
29,10,0
30,9.9,1
31,10,0
32,9.9,1
33,9.9,1
34,10,0
35,9.9,1
36,9.9,1
37,9.11,0
38,9.11,0
39,10,0
40,10,0
41,9.9,1
42,9.9,1
43,9.9,1
44,10,0
45,9.11,0
46,9.99,0
47,9.9,1
48,10,0
49,9.11,0
50,10.,0
